Id,Prediction
0,87.9585105678
1,2.19447783632
2,-3.9891999442
3,179.376402039
4,34.4978550863
